sim,classic_est,classic_se,lasso_est,lasso_se,xgb_est,xgb_se
1,10.520181833617212,6.4182279050587505,10.689503409080725,6.32037026021104,9.865497353026294,6.527121992845374
2,8.923523317563328,6.630913710742268,10.154484693183203,6.54499536786528,6.408794694064943,6.6165194964129475
3,13.61665931461027,6.534278390155267,13.604226814774998,6.368140248697517,9.876594475616713,6.665896196740992
4,7.169475615818928,6.675221920572877,6.528134767358876,6.695602318405788,8.766118441447224,6.7669115080811775
5,11.693933355231405,6.954419675509483,11.347990124487117,6.734164808027151,11.947357786008988,7.068305194371349
6,21.433878494647047,6.962464728923811,18.442751060608845,6.7702973696475395,17.06892024929533,6.733703837142574
7,7.879859327966129,7.217264992805258,7.142251211644906,7.1607346697861205,9.555694328180536,7.2218003098822114
8,10.619779439015236,6.421647065894382,11.140944105211013,6.268239636419209,10.118158880310844,6.60918437158073
9,13.86089039725765,6.868933749646569,14.125489326631872,6.820107456622362,14.15934893922587,7.051834029197195
10,13.597825530327277,6.81695962694029,13.227831052731403,6.739712277874478,15.313734889185392,6.748685340096796
11,4.720677928862459,7.224864858849419,5.315809071700398,6.912587134367507,5.036778810366035,7.145870199672752
12,10.04210189470053,7.0223397970545856,10.260693777203644,6.863115226779368,9.476616730046977,7.003728275101951
13,10.093661514012652,6.0147461024248345,9.787682241247557,5.920236642617658,10.958133990793298,6.000936869213774
14,6.918409362677202,7.376257877217233,8.173745359669677,7.32743837386276,9.98743305767764,7.460605357650337
15,6.518649141002332,6.514090621847241,6.286580412020156,6.397805690440641,3.9971135135572955,6.4312638276316365
16,20.37971915212374,6.520835297138581,20.59786089523637,6.473080185417455,22.02593844459367,6.2537501027508355
17,4.082236119121612,7.0560148220276595,5.815683402212482,7.018461894280711,7.011448352767285,7.183100790175979
18,8.293673191720664,7.037873023065366,8.664012133888916,6.921874942665532,10.637162677719648,7.2995589262190155
19,14.424910916582846,6.590272925396325,15.670478485226557,6.561798143722311,13.0165300446817,6.4192991826667
20,11.038452403517253,6.983393549034984,11.552381263561658,6.792119542358166,10.24092474407102,7.005217483855813
21,30.175010141943947,6.788237231985264,30.44268577589197,6.687201085224974,30.625052546925772,6.734275249448706
22,11.584264405886072,6.243744827986633,11.908654834715167,6.105130463434362,10.072458262560486,6.177535281340823
23,25.319071014524773,7.282392425484269,23.73610057984018,7.182952452222618,23.319826891156122,7.236129851799716
24,18.661910288910747,7.262766957662281,20.329784888115228,7.217970255527419,20.35120043577684,7.061843526275893
25,13.000016426357599,6.964384313297033,12.190472110848587,6.795308720433754,13.829603345149353,7.128008690800507
26,15.293768909057835,6.609770394570231,15.647291138186116,6.546630402847808,12.802446694847593,6.816397868330994
27,7.742707637762704,6.0102801672110795,7.541972628731781,5.895602366634692,10.739650331802787,6.002403484696568
28,18.89692935587865,7.1355398619118,20.544628559865668,7.095768908555726,22.940862292846475,7.403020415557854
29,2.1695879733418937,6.6802892695882745,1.9981149509595801,6.676615212168475,2.6105487981581366,6.890604434926988
30,1.1533756288321886,6.85424252511495,-0.2537989163848889,6.794862421121749,1.9580491897581367,6.656504439910843
31,10.450693986473365,6.432210988746345,11.694044003981505,6.352294550154384,14.508234102278864,6.4373764552627435
32,14.900633262962456,6.929889653477902,13.019508120754793,6.715014698132713,13.151352881841062,6.881600706199587
33,24.28638707555385,7.164269106810266,22.91639800355767,6.952398387293433,22.93090676972349,7.077642772415638
34,13.50420828296845,7.023030588305876,12.757602708686425,6.9098313374826725,9.54096964717595,6.974417281153806
35,10.120483378358884,6.778361531445441,9.343173530204822,6.680621373813999,6.766159865464112,6.938054018246798
36,6.004416673469152,6.729547418979706,4.200940428241346,6.7607109674338854,5.013979346845704,6.603528181790954
37,20.223486638190163,6.713308272387084,18.954256205313495,6.509915940469057,18.260284423886713,6.6928803473579785
38,-5.585704377084876,6.743097875496974,-4.0522458950790226,6.684230437369155,-3.3564574870330293,6.6230462377049255
39,14.907015527160757,7.196098695770171,15.770967641501208,6.932553083408845,17.3224766665997,7.256263689670232
40,18.66986589740612,6.7153238576701115,19.468985322521558,6.48283219511343,18.10232658157019,6.661434673398612
41,8.741187212016863,6.92686313252275,8.491943806298275,6.931236053202883,10.396171396265206,6.788396903694251
42,11.74190234326917,6.805922059701527,11.29204537740436,6.656792638043613,12.062061807214882,6.901702486804989
43,16.52626913051134,7.075024716067453,16.676151973783703,6.969782707229485,17.190797062088173,7.364372399852116
44,3.8783377378807184,7.59573338133361,2.381502170731875,7.453157091256873,0.26173057217423124,7.8518460813203115
45,3.2092397763429026,6.255098764465629,3.0953670726607108,6.094375195812869,3.720034205007923,6.365391517970984
46,9.596670688500993,7.317024487842207,9.57265055657719,7.13108033405321,8.538518234080797,7.180557470197087
47,3.454535286204998,7.0051063481050875,3.4134483519019825,6.806597556405031,4.843712453430506,7.051793888900554
48,11.629747682112244,6.438846574391715,11.376514356867915,6.28770593755604,15.105807538490794,6.324155222027954
49,18.693208868883044,6.868386781878223,18.526996995585243,6.751345427822699,22.22181712158094,6.999056354418773
50,13.612832010656689,7.409433377174158,13.00618173740593,7.340181766580774,14.94379947723804,7.494358268322107
51,20.885210632533457,6.588674388459334,21.1376402665732,6.589763665509434,22.35493069940146,6.705251200762438
52,7.299667402754554,7.63728617897136,7.157839396340001,7.443225574382964,10.771193358511786,8.021364498686943
53,6.219464515692076,6.605647977726913,3.2624616604586487,6.518927165443394,1.3803786729105922,6.5604315764262084
54,5.3791753727420515,6.223430718434067,5.188633400674266,6.203424283348083,3.2632174201101014,6.325313169266522
55,7.357244472911351,7.296224768729054,6.757058158650632,7.15744999955905,6.374629090663627,7.440377924286374
56,-2.490667640893359,7.073157296598175,-1.1756462866493953,7.016137268805672,-1.0688468293590938,7.245617846495351
57,13.313665601418275,6.774630281117932,15.871541491004953,6.583643013920722,16.5712840364453,6.612194154246193
58,6.088086882044944,6.904365246179252,6.777222805218445,6.8107293958666615,5.6340370630885,6.7846087257197105
59,16.686573488350177,5.9860755913249655,16.324908699612568,5.9122571610660986,14.592491244397268,6.018246999486257
60,21.586265692472523,6.672563974861432,21.1618375428159,6.728625026198951,20.18743791213432,6.883961634715246
61,17.158567492424773,6.566375069429283,19.804461811852427,6.574045263335301,14.7089418578453,6.551626878629209
62,9.762092233280267,7.038903661306808,10.609816395434256,6.9703869378363,12.140393236158813,7.077468658406331
63,12.110706772593907,6.52019341179817,13.23713851761521,6.470392967758499,13.72138850784053,6.407345849848972
64,0.7643677757981743,6.277834927914722,0.7595181168172611,6.3635782769642875,0.6753351157264512,6.380674395386677
65,5.772147719474944,6.732384770692684,6.639719174480889,6.5238158506255814,5.874296416584438,6.746116423731076
66,15.261683316904094,6.445464613297118,14.339232546167903,6.411622929502131,15.036174051651116,6.528906093846692
67,4.0973413070150615,5.823022660493502,3.618285732347709,5.722698225906816,2.6089301878987974,5.700310932094726
68,9.444558219436432,6.7978144324619,10.13447026795188,6.755078680185588,8.66044246268874,6.968106738328249
69,10.710390850300943,6.377551680295224,10.860683431986267,6.224429010463142,9.017587402280505,6.217149199398108
70,9.5092179599336,6.370723407073084,9.707502872940978,6.2642106032684675,6.820263690028413,6.252178733407911
71,7.861090620959385,6.326386315051433,7.3096788051333705,6.342643790514037,8.093109506966112,6.4458048578316545
72,10.11687939564416,7.113617368855958,9.571052451309919,6.920034638500568,7.755920051932642,6.822151152592288
73,18.080346452832263,7.076226126718218,20.059573240444323,6.7805534945179575,20.837605891809535,6.934398267128735
74,2.5409906250441416,6.497579934365103,3.0483385181068714,6.489162620310379,2.684196158876648,6.824383483808791
75,14.257983632067928,6.7541979453411685,15.069907133353457,6.737745576144695,16.958824670873156,6.8479263227354
76,26.60909572103703,6.3964026441447155,25.35800049952986,6.285032699425541,25.39290760282674,6.4324142591133775
77,14.349245809265863,6.839748350649598,14.777100326715843,6.649081368678197,15.49549694200574,6.737640347982304
78,6.470027594019069,6.692811383050055,9.821731218794032,6.718230347152985,9.526280568841491,6.859044693801832
79,6.796920473241759,6.835614104310683,7.636096826462458,6.710597316068102,7.9055450700685075,6.839738837043408
80,1.1551326644332842,7.398697903437465,0.9687668456571218,7.1644814937509755,5.279538455451178,7.844310538278225
81,4.917060922420321,6.399222416432727,5.384553335887636,6.364049987920685,4.636660728120792,6.572352751683407
82,22.71035686572423,6.555886988393909,21.91499291899688,6.488605099235641,23.268942170535475,6.431427235271857
83,10.163362609385064,6.916134271141461,9.840662612419752,6.7693765129338885,11.65940122983163,6.809612925696662
84,13.692176463522408,6.918749071021407,13.513241498247753,6.830765277304635,12.514636669595347,7.1858386383746025
85,17.310175790650735,7.215875961693998,17.263169900030448,7.356811528606864,16.777305269261795,7.463556251016762
86,13.770107265797279,7.005783609770316,13.525128587169311,6.853091637901393,14.451375695175892,6.926712449932671
87,14.305290201099242,6.186360906594895,14.58957193635574,6.065838238219844,13.841238486443654,6.448861712607432
88,13.204016048772885,6.793468941789806,13.940322224082255,6.620092186076405,12.420038344226963,6.793221187450154
89,10.666483690710137,6.702826776689509,11.152859506215073,6.564261012954751,9.541394279471637,6.92554169053942
90,14.253005569915691,7.050170824074811,15.241103976239431,6.881487617681111,17.041832905690733,7.053510795625068
91,1.277644600561534,6.451724468186345,1.0497660263709214,6.302712244576371,0.32879687582561745,6.409932037815904
92,20.762743904902617,7.214112578097397,20.552656713672352,7.130754247099816,18.563797358952595,7.3882734587521375
93,22.066002723973636,6.7620795720930085,21.753343223004144,6.618766456575422,20.628798941147952,6.832238834880845
94,20.729886881334206,7.0195636825331915,20.99782600277308,6.888219862454124,19.375998309643837,7.148594415768948
95,13.114439973907226,7.016530553423871,13.834047193685542,6.963606789324984,11.901513020170576,7.057415967001989
96,5.9938734266368066,7.109262028144411,4.941466271124789,6.967773613096756,6.296525951957329,7.296579482176781
97,19.84808247539835,6.466291424655845,19.716167944123757,6.373644175291091,17.2744503794871,6.651047599939393
98,8.857088679104063,5.996091549304781,9.684879752575807,5.959279193977695,7.894507067229893,6.0819047169283555
99,11.356100557246341,6.399336879629902,12.559292031840203,6.410603795296774,13.133571452406592,6.473410685336198
100,22.429044594941008,6.797883058756987,23.093086007929664,6.733562600470411,24.125314075436833,6.872570301698123
101,8.766414528164882,7.359675122075727,10.04580625825968,7.275032595089911,10.772811346405536,7.590155167674905
102,16.725579710364638,7.485861276936869,16.050107856408452,7.339238421982858,13.652015073815475,7.452947968333295
103,6.308598583746675,6.705428273770265,5.686806730815509,6.6324409843028596,6.761570882211484,6.900918737041639
104,4.5956749640362125,6.82808290227739,5.987098603324734,6.657930347907834,3.234581248527344,6.8540980480917115
105,24.166455500663663,6.716922621752859,24.162226574334152,6.5310205977760445,25.88761230555585,6.710010883854915
106,14.094782172103614,6.708109623427189,16.119658804904134,6.689670658072867,17.11185322176549,6.705036172762386
107,6.949280704498379,7.688339845211361,6.670022542962218,7.60096268109862,5.701535364790636,7.685080725313122
108,9.809061222413506,6.762731617724225,8.03465001071942,6.620058020045789,4.833674442101595,6.691866185456833
109,9.824352556674777,6.706870392235529,8.666699757757048,6.603509057386973,10.28797052726361,6.803596322853565
110,9.635078813093994,6.809816811727098,9.256677110929411,6.755217208203693,6.937241999674912,7.168069215124521
111,11.908783801097464,6.83945751932927,11.898561151244587,6.708941607376976,10.393304642043889,6.821087864741421
112,13.775378558634843,7.31644963588769,14.410213037050502,7.339818915106405,15.338027377041097,7.430788776756343
113,12.532171923981007,7.568604687677859,10.610603147509924,7.465962401578829,10.199823996910965,7.7891249753559615
114,20.3970586456329,6.2715362868934434,20.600368221055078,6.151166985937223,18.970866336791346,6.356049265799898
115,20.30426524922016,6.931584051777496,20.309240650094633,6.861750911049158,19.51659677318687,7.081463570588202
116,13.550948330839123,6.619206648843134,14.65127934073543,6.527196721993015,14.688181363532149,6.787014046920168
117,15.420749051622803,6.670305689320853,16.86344130290178,6.625626317742102,14.797722263913885,6.816426240791836
118,14.620048127429097,6.929053922070621,12.723397217708127,6.912272742630472,14.68884570886975,7.021143397848204
119,22.347524716356258,6.742167427147017,22.89836236920305,6.601662667870838,23.208931442321067,6.958255002035027
120,14.288542964012544,6.708986431394169,13.199594693646864,6.475927912567485,13.049521979282105,6.6229329944643265
121,3.2933525818673415,7.030492988764494,3.826040774369418,6.824710233688352,3.6258853436883816,7.062225115305536
122,8.208900709772935,6.485769860395858,9.525287420025126,6.419348765408502,7.986504146361444,6.569438043183638
123,13.510454934942402,6.639542810085835,13.176608197456694,6.703139756792393,11.497909516056628,6.929486101200092
124,-0.19606199985020306,6.984094368115436,0.2083609357075642,6.883702602491149,-0.09999290512188724,6.954928020541368
125,13.44760339040631,6.958244832554098,13.03509519586388,6.790742853069221,10.808786877113358,6.459324319173863
126,17.228493012836292,6.702224988899526,18.727499542744855,6.561842425704923,19.613444281283837,6.843686186126674
127,10.721454279717966,7.017708318040369,9.621190170371822,7.027306705550471,9.814586845260024,7.238107559093871
128,9.370624505544113,6.270830050670804,10.37704925708929,6.114698804732626,8.92475529667203,6.29759808611457
129,8.492454614049535,7.210304629858029,8.82838828728508,7.134670234542341,9.473090543624403,7.177816451255576
130,23.66132170671263,6.313257495977115,22.434302563107767,6.279499802968397,25.104296612485545,6.471398491404492
131,7.904455862699922,7.115846697473229,8.33161562105335,7.1792689355546635,6.314398538027645,7.330859738757941
132,15.217722847297363,7.008661764857075,16.204163114598117,6.953996440069942,15.498608592911069,7.144675871442403
133,20.67516446015005,6.215016111322998,21.804821822969796,6.1284865787274425,24.71294455256893,6.262516552857715
134,5.839432108420114,6.838372519727291,6.724429429190756,6.665919764697655,4.7419873365711345,6.8186702785804165
135,14.481131119410444,6.619899408188169,14.21213486478611,6.506983689314243,15.018905833403805,6.830473096053863
136,9.673334536547133,7.604381675565496,9.53799453422016,7.551575917962385,3.856689347323174,7.360095960854922
137,17.57371704443717,6.657826467348942,17.31262204773015,6.525127901855828,19.23569168850817,6.96670048371967
138,2.1027672401098894,6.851447684071932,1.56350908183989,6.885223612595052,2.7828469846993222,6.807124160677005
139,13.559838545133944,6.70162086852646,14.807531099408967,6.58773560875543,14.19272905557582,6.686900654460432
140,20.068140325365945,6.2978618796829045,17.992823446724564,6.3184890507962566,20.916103526881987,6.461450547180368
141,16.395388020756616,6.1644289771782,15.25727140900085,6.052667814683432,13.647338518142279,6.203123543779987
142,25.13472001079381,6.625200111271811,25.0807110697924,6.663244888084142,22.190968371051817,6.796540339404173
143,22.41394174980073,6.599057093099281,22.711670378806133,6.485494802464491,20.110184810396664,6.435609797110296
144,21.89102717016001,6.545381426190826,23.066584473953004,6.469429028347811,27.408050157271934,6.584195808101109
145,13.043958440339576,6.635708509473728,13.080753022779556,6.539515566778618,10.438386589354804,6.797658765196448
146,9.657930356075694,6.918726969728401,8.951830250697618,6.849579236519039,5.883057987189053,7.0764260681107745
147,3.102522498376398,6.687315360487428,3.868552117150103,6.6113399598139075,1.5369050024333393,6.693044951394612
148,11.392785510079605,6.880633053732963,12.676585018961669,6.522145564671161,13.4624681503814,6.518704123892993
149,3.576496130183182,6.6384383886546185,3.9558141307900425,6.564880786769399,-1.3670395673271507,6.866943470353312
150,-1.8682684876007145,6.7709174280326865,-2.4278562053803223,6.672703544583965,-5.6479329176082995,6.688198842515566
151,-0.38817465602677026,6.180841797206689,-0.44114787418213264,6.102107695978761,-1.5704867575947907,6.1327683408881715
152,17.622499012577748,6.6881549315561974,16.20682513208375,6.5080987333414075,15.953672794502024,6.404845938677843
153,3.6014455118180675,6.692825295845544,5.3820926571276395,6.535968224224816,7.247225218994814,6.327646591272459
154,17.40028257511456,6.770850469717565,17.27058974308463,6.738125314778338,18.575476743186357,6.71903790528515
155,6.47769214922661,7.405793417033794,6.941880829136786,7.222926362290634,2.687762658002727,7.501454254305953
156,10.054730383137708,6.83801660670338,10.293367772557056,6.8205187844042925,10.120386409339302,6.893344334332779
157,9.074919403131124,6.944929581176145,10.472139241896075,6.727856451714877,13.914821548405035,6.938474458144611
158,8.88986601551804,6.843224623007062,9.01305596582454,6.540995863548187,7.228865343500675,6.619673104236987
159,9.204164235997977,6.961205880157938,9.360227702197784,6.763258741367938,10.845352398253963,7.119624462423696
160,23.054448571770614,6.659320190445861,24.72287124737322,6.6247636199475926,21.423218399356344,6.91952796743026
161,8.928647920381678,6.304041582907799,10.446344515712608,6.219215802549127,10.030635279273652,6.194675925190123
162,11.773652607602934,7.1135091379292765,12.771415257641745,7.059519996265468,14.04305161751157,7.10937612279745
163,2.2236418886988907,6.976943173468036,1.6869828369477256,6.7819804582346865,1.3213884248109313,7.097332338110089
164,13.844390563541273,6.397098510144007,14.220654068291555,6.186601813242931,14.361932789784989,6.208595891082231
165,7.02397674387736,7.265356480766689,7.247183714171947,7.040213273883229,8.986287914641618,7.1011899571002814
166,12.700283380984114,6.702254931182016,13.08310183547917,6.59546854097229,13.640861905446478,6.865550214774063
167,12.14211044341082,6.824825557974468,11.975390058769273,6.62785568376291,12.784424066217117,6.722891251360101
168,17.531522251415545,6.993410484502022,17.733752328409295,6.926392962477791,17.001528905081926,7.455905183601146
169,6.4503164540809435,6.449735017631185,6.336072440434821,6.391614288577387,4.436269491649767,6.308062098362441
170,7.952051362859621,6.934977564465195,8.455250675171355,6.842928718164357,10.572115494774984,7.034547869799975
171,7.970643710711194,6.94206038329681,8.062415181729524,6.904082105134565,8.477534159366714,6.988678602800735
172,6.148680399858597,6.46242679778114,5.766359385370619,6.397950662283943,3.7418291350980866,6.549660780650568
173,1.3463059258455348,6.660574305232709,2.565317348887871,6.712216027143518,2.9342342661860865,6.93243948612872
174,9.286569645421341,6.741842741017584,8.726663791196728,6.573858921600983,11.500167802470795,6.732331362363042
175,15.109006035039354,6.91848062524587,16.455374588722677,6.823911755546003,14.688378025764031,6.884514057093968
176,13.449294214988239,7.445549153820435,14.639222022461233,7.340414558062104,14.580909684717758,7.312875828116341
177,5.35346164575274,7.046372693230873,4.728691337483189,6.932667416349931,5.571671152668717,7.132645374570791
178,9.516663994491143,7.192271301681413,8.014818037966428,6.970734164763253,9.145749345051566,7.29654195999713
179,15.996457481814554,6.488889747096452,15.972943770283711,6.378938523761522,14.910269958458095,6.497293386905557
180,6.26356005956689,6.7119470799998355,5.2237024190084504,6.533578040668616,4.968689843402461,6.7413362674689825
181,16.740022208843467,6.544238769154727,17.077673552885955,6.49318833583032,19.815074312054605,6.7797412721195345
182,14.432794647827546,6.931929107882584,14.592718146940612,6.976040439615262,14.420297685302977,6.869860189186968
183,12.528082665663984,6.76313971282493,13.513672594532869,6.61821131834794,12.547399833995348,6.597646713663109
184,9.315815913892456,6.817392495656919,11.253095666433437,6.702612487865272,7.664136984888066,6.908355297748399
185,10.01867895190519,6.863822180859822,11.12237397607249,6.811654100649221,10.537230990526446,7.0026884231498405
186,0.23309979313733104,6.819866844716943,0.11934146832312799,6.688835006892934,3.9417977497195027,6.781724303961258
187,12.301536754571742,5.741024380451335,11.713227379151942,5.792773630164827,13.366035708586743,5.614698027585063
188,12.944071471381227,6.89585023327182,12.704388498772133,6.748675312207626,16.036809919428922,6.820033968817708
189,13.258970825956103,6.865359114141713,13.200537837868993,6.747343542363636,10.874352109802931,7.101212153541147
190,11.319441117765923,6.27402968044049,11.612445925361904,6.196428955496413,11.851635247010655,6.2924640261694575
191,10.298881567181812,6.830220866554401,9.185624140101796,6.613847574253717,5.909874682636027,7.106922171657739
192,5.551400648986169,7.311817328511403,4.632508913474928,7.230428882400403,7.979362959291686,7.301958315597143
193,8.588380812113822,6.706212065480499,9.693775435917626,6.53857659864036,7.252874493970291,6.650342912898359
194,15.106596160065934,7.184979802804123,15.593362920713849,7.025830202170057,12.510350442307182,7.0350667100416695
195,15.804468504696523,6.258083159627492,15.717048279524747,6.148752217435265,16.066520922224854,6.291489226771145
196,4.3097120996864655,6.602828652569334,2.418308986927524,6.555441206768594,2.697897414752947,6.549097577582184
197,3.155965210797963,6.1895019963016225,5.141817470605454,6.138127605799189,4.453220544038039,6.328367808535544
198,0.963691208278954,6.589236990108997,0.8654253268927308,6.332467005607905,1.8980122496410856,6.373578827265961
199,11.609813922774999,6.609206084790285,11.890842416094587,6.38261962559252,12.229027731572,6.571209567849646
200,19.04251912905878,6.348423775692177,18.176133659048137,6.231938868645421,18.967566700282504,6.610280640544013
201,8.796458967896042,6.113414473462053,9.876305305567637,5.979799317537105,8.255667343677247,6.021706702362844
202,21.28008252661395,6.70103164117628,21.246942802938786,6.519851587578807,19.792192369232662,7.007402618600154
203,21.313230265449466,7.675755949108828,22.213748938054035,7.411185502530375,21.499184895549988,7.793361996534057
204,7.923173926769228,7.088425798894169,8.241749192770175,6.953803158488366,7.677427110488747,7.211630615710899
205,19.239970858730757,7.594107193678801,19.571758560975624,7.396703465324094,18.264703723596007,7.852221853961502
206,1.1416749178318342,6.795593930345205,0.7751807751899321,6.752306508029753,0.1639741293164546,6.882190147910431
207,3.698192612593873,6.638077739105478,4.46435093941472,6.478142805252847,5.552169632448024,6.434888078212649
208,8.418546015872185,7.741664357609528,9.454395377791217,7.529648247486881,12.079048727550795,7.925759090585312
209,15.784404858483601,6.279624557180443,16.286021892045035,6.198255310923915,14.740097666700827,6.209819906599215
210,14.250935063318666,7.068948583772071,12.544019809287429,6.8844217849163,13.755087505754823,7.217320992008165
211,14.586067959862016,6.727418543938347,13.688593802164714,6.676248078614494,15.610620727145001,6.578064357865035
212,18.682564216538808,7.349347478788202,17.851729487021974,7.153772959298049,18.901763046763268,7.355046351759638
213,10.418456052296929,6.804301118782249,10.170925634641362,6.693035544463918,10.698116293909258,6.791043554448682
214,21.039254789459125,7.013273805862,21.124609924924805,6.7689116420834665,18.12595053229475,6.921671106722849
215,22.115202901880053,7.29872863292731,21.97531815738951,7.226026693404525,20.499564679021802,7.048250379698904
216,21.575328751821694,7.213932052361677,22.369238322923533,7.197296974485843,21.789378783397748,7.536989257946758
217,5.769253018893898,6.526941347946516,5.333994918749933,6.4637668601001,8.893218657459348,6.485175990771191
218,17.889825360173987,7.071993149262011,16.975159909072048,6.934426448346982,15.702190899368308,7.241421289647421
219,11.813847791281527,6.611338073046758,11.451559672737652,6.478625542417982,8.68360601019573,6.6072415241471365
220,9.192286588397847,7.317756770086974,7.627593309823097,7.201452249178474,7.172166225959787,7.443196210085152
221,21.135863000538052,7.452673756795544,19.65022079825227,7.265047955982346,17.697000331715874,7.572792965713238
222,17.65285308856939,6.901953612180145,17.036305572067477,6.8663507906618815,14.524659837317877,7.056212425736634
223,16.186148530260642,5.864780429292289,16.374937370831784,5.581181985811288,17.127707782781986,5.831963560382436
224,4.02778625064751,6.685303561753036,3.0402608383715775,6.564518362676177,2.1043576834810875,6.589124123935923
225,-3.0322663586421923,6.556263291480359,-3.6595614379261128,6.394227836517982,-4.30453135806894,6.787034222981114
226,13.233707828580213,7.6518808269483,14.736693990205067,7.495529234250181,13.992211459482855,7.8511336513965215
227,15.411325301554593,7.145693386618674,15.409540190048,6.974073350465637,15.366957300139775,7.172912485559121
228,8.44013530723959,6.925211110015346,9.313140278461518,6.678209765346953,8.474714046461594,7.0290315017867755
229,1.9284012491505789,7.069646398625188,0.6238534474132583,6.951924395410553,-2.314432564751127,7.225064284080524
230,17.159471124891155,6.902878602714389,16.451207416704076,6.714326530428056,16.921884949393423,6.528775877956339
231,22.394612785627825,7.00491789753913,21.179641022955728,6.993838135695208,20.83977673319584,7.140338433050122
232,26.11573714028182,7.1329323850974315,25.488609951372116,7.266366715687925,22.740871090025884,7.343684660120983
233,15.69596772454681,6.696588306025154,15.968960025167933,6.646720664150404,16.293294669341392,6.680907315582066
234,7.82500124543521,6.567834872201887,9.398381786337092,6.54144030315959,9.62005639196871,6.52867447469423
235,10.051047674465321,7.2100595307608515,9.817913542096937,7.032430554675183,11.083296182705674,7.1184274427671195
236,15.653548836958182,5.920445663761336,16.896658629361124,5.89188903041495,22.236582708895984,5.864089483045179
237,22.74146425290897,6.779140850728592,24.730293641512628,6.837496260439966,23.227546051026266,6.720569696138671
238,20.08899533395591,7.21178647742047,20.792187022839826,7.103494502432776,20.684169318919373,7.2315202043212254
239,24.1544957609225,7.175059482340765,25.110930315918232,7.199506850740294,26.030610629157678,7.148925676696463
240,13.621454814890528,6.687929712720571,15.472886484984452,6.729813709861368,18.314008222745677,6.695548471689044
241,13.064118118435282,7.2420749950293475,14.01496257206868,7.146744682878199,11.166408354529228,7.209156290450011
242,17.127663542706575,6.888517171660487,16.972557454871364,6.650210617096248,17.18205408242629,6.950749795543881
243,10.313941917746215,7.097736604967856,11.567256530692543,7.090729357719117,10.249518809580554,7.185470286348681
244,8.15974916160352,7.111452082538524,5.790011231697006,7.018397152835494,7.4138158478381575,7.088208402884921
245,11.512755687702853,6.438866410113227,10.647503825493633,6.431393103045442,13.850372889177393,6.476795280153017
246,-0.48561065193804026,6.193066609951694,-0.5123936194730783,6.059471989106264,-1.6621838606030324,6.043240970686386
247,21.400472369715636,6.560151922263859,20.639558975351747,6.572979552384673,22.34591116405256,6.709133526640062
248,3.240201662939098,6.7355838511519925,3.7756899368664243,6.710139302710442,2.8313936595142577,6.739425290944589
249,19.36320131219306,6.783201306688417,18.429240926027312,6.843952819544713,16.33161883751889,6.856531008370828
250,13.217407571525364,6.941684615357105,13.028057466118646,6.823574497558735,13.525633537938935,6.9049129470577695
251,1.4021220790516136,6.1777695172527265,0.8090999880592149,6.06799334298439,-0.13329787292571882,6.407623511631016
252,17.294964482221665,6.810287260270313,17.016857195796966,6.720280359498384,17.9869945081408,6.893368051407392
253,20.03970812919674,7.284494570096615,20.19643528888393,7.370118784816889,23.94163416567429,7.551699107807916
254,24.05586377950466,6.570931591547456,23.448342873535214,6.544384593458752,22.51397917625283,6.703209021376851
255,15.846546189801867,7.61969672911209,16.557303378520302,7.323408775945988,14.935296582356195,7.504587409766272
256,12.677928103408885,6.1636839375823325,13.131360723647367,5.9699006857963495,12.612799262741033,6.099029877058454
257,16.869850249801054,6.986108546121225,16.652035998058643,6.971504593556769,15.019159401606998,7.07830823369439
258,12.161421587515301,6.862210219496814,11.487148966270768,6.639805282986233,10.034309912043787,6.812211481232215
259,3.256686119151039,7.148298020325663,3.1733693596858767,6.980529859679996,4.395850651734813,7.0187458048850555
260,10.125243214999687,6.9472031805906,9.749392302516252,7.026331863715166,8.197493320779227,7.164720703968394
261,14.098670804804215,6.769877497628205,14.729258271149307,6.661853040061497,14.542927823616397,6.883155335222387
262,22.418721647482815,6.603309783493956,20.840119380901744,6.556732565694954,20.676991624205655,6.649226410964394
263,9.76250424733595,6.6399496168250804,10.678681593130134,6.551288686623337,7.044608336542216,6.610843872484709
264,16.092794310181823,6.894486534721098,16.144961594707492,6.804556289502764,22.23951864549048,7.105632499117702
265,-13.362230288901728,7.347313784548441,-13.794733574757188,7.214471061880977,-12.784354670178157,7.278448833596217
266,14.313816208703603,6.498293154639119,14.603745438688147,6.3981709745104425,11.534996574755116,6.584481563863485
267,27.588129139119566,6.861176432183631,25.474097641953634,6.688609941772015,25.717621065455287,6.839012273498053
268,11.744347496713797,6.26013199932168,11.225841333520986,6.229429800406308,10.418277301025446,6.3788496062145645
269,22.801903412776003,7.077053676448576,22.207481580712688,6.8647792239098315,18.41691885432518,7.126342030214124
270,0.10362721769067824,6.329925807096279,-0.234296727354044,6.219901373505094,2.960672990534094,6.191086757558636
271,17.03310556774583,6.7261748630554665,15.973535082437433,6.5694309914054,17.134459268703527,6.590462642467127
272,9.627520306471276,7.269510780166579,11.080004718231576,7.01742538930277,10.16269812917539,7.275124409555839
273,17.83833192898529,6.673324505751747,16.36729514211219,6.584660902033739,13.758669444375036,6.608351784850952
274,1.6890064112287033,7.007396145112595,2.5329413964738294,6.857953972423814,2.255263421989558,7.045086979682105
275,2.3650952462957946,7.2344083267927966,-0.606909326317547,7.167743216239059,-0.5251229852192455,7.463236351648456
276,23.516067663657005,7.148766252568433,21.374865469037125,6.951463840194234,20.163003631402727,6.937782695373593
277,0.7693590226696762,7.201337980987316,1.633919723016446,7.222286270592504,2.5806755019792678,7.589684563562713
278,14.663876035076942,7.089448827698935,15.844992783451225,7.000747997172047,13.435722087208179,6.93944452497849
279,5.786151701118373,6.771862917075899,5.258381564773188,6.685730324905573,5.667524335279738,6.823863266741906
280,26.00550524735844,6.51415558480935,24.464034577979607,6.328647802489589,19.317871280212284,6.453162876154594
281,29.292348190367584,6.73423334391528,28.93304583605321,6.563982542439094,31.519630994739227,6.62528514572706
282,14.298224347996845,6.362601078115254,13.780545880659492,6.1860970655897685,10.001856901712067,6.122333031839846
283,8.007918265174448,6.653244756117588,7.689292363774813,6.654026346762313,6.445463736859902,6.786982947290014
284,9.862080183408052,6.513682350963619,9.989083540640213,6.428713020529821,8.528941748522596,6.412860276251698
285,-6.359506365354878,6.568450871665578,-5.630333945641469,6.3892496587099945,-5.754771774767312,6.584358125158555
286,18.282024974986065,6.680331688187023,17.60306950349327,6.520973483831082,18.490612417489313,6.860832791309258
287,14.641096235909126,6.51472242149609,15.013315971140816,6.236346124130914,14.861106137546875,6.362069876397194
288,9.951260475456532,7.243630259440054,10.967388634882381,7.080728736486027,11.357213804082122,7.256143678441948
289,-3.7798314455200477,6.905374139260818,-2.575798513016825,6.9646741058934465,-6.594104239621381,6.80930150675581
290,11.421202955448312,6.938079141350369,11.085023778132197,6.830327288281799,12.864609139673854,6.79076377976637
291,-2.4630946333026804,6.701781579162588,-1.722125441472482,6.397984146331098,-7.976861575981455,6.827602307444663
292,12.519499803339466,6.851901193197984,12.80623159882626,6.819615303417254,14.210154498397408,6.85216632372539
293,4.43117883016616,6.343095616836361,3.6328000605141986,6.243332272356766,0.6003376646980814,6.462081648918255
294,10.263265512375218,6.872033508645504,10.816743720857186,6.783579434275842,7.403105352213514,6.931882966947551
295,11.834172723364144,7.112967566841618,11.848753141499008,7.037798895148732,17.519170609686295,7.168095564839793
296,3.885427028829552,7.22474406029835,5.062243772314852,7.082928562724673,5.876309537207365,7.1144512239947035
297,10.64238757256734,6.438220884546496,10.726785948492434,6.3148047542608765,12.742809531833027,6.613686858904975
298,15.669253066995031,6.7915610241138795,16.360041751620926,6.731457162997286,19.623017247026212,6.989385791043596
299,17.4367207137849,7.063156210251947,17.290442317886363,7.012100811125046,15.231785206065814,7.032431397745118
300,9.851401331116143,7.070162741185271,9.349734077856118,6.9112687624794304,6.660452076149826,6.9249687530149515
301,19.62064926861661,7.264606043746098,20.195805222006275,7.184801838577098,22.100281449181576,7.395728421221439
302,7.558693796773264,6.955312532977213,8.114353140069587,6.838370068798083,4.230549353953183,7.034312476381124
303,18.84670318027821,7.195383330940527,18.01400353450979,7.00815981205593,16.77704783016466,7.055184857538997
304,11.672300404535989,7.4713298695393915,10.91973454893331,7.5282263896950274,9.128181959293565,7.452021387520609
305,10.72598762812333,7.072293003103548,10.684819512612705,6.840079098830188,7.189200759897737,7.0360482390782755
306,9.786281432613228,6.939902842660867,9.561950680747016,6.850309534113541,8.073166620558819,7.13948470687548
307,22.291833372680905,6.442169041667697,23.238550845808913,6.313146611892169,21.780390066146538,6.405089917017669
308,13.65799444901554,6.9521036702421934,14.6997893732769,6.944236994776311,11.701741441780939,7.058048318675515
309,21.460109766364205,6.597293486745367,21.149923927262968,6.4399140104345145,21.85609769936938,6.753258365780756
310,16.98335355143632,6.552135209444165,15.71678502750787,6.385302653747724,14.723755560163008,6.54590667750582
311,20.711976257665015,6.430046706325164,21.216395972748273,6.316504044682756,21.572884719045064,6.6522876396346176
312,12.659158250823884,6.797110438025699,12.757161421064893,6.649500015189083,12.379729297957171,6.846457142257274
313,5.322303643798243,6.431235543727036,5.9002438694677375,6.409791715256523,4.35368713256067,6.293536417158469
314,14.626688604761622,6.882062462239685,15.526598931226719,6.877114265977148,15.012159482037164,7.01095073905804
315,6.210478379648414,7.16535068877344,5.95940277678621,7.139782588643625,6.731410557674562,7.322438074389822
316,13.99998267752406,6.705193081610384,14.102866915427738,6.704563852467298,17.286375173947423,6.7476487766950495
317,11.85787938277004,7.418871650942988,11.58767534693456,7.302972734004313,11.355741435250968,7.373748455469726
318,9.927705503875234,6.8583013357296405,8.384514158789127,6.684080531245889,7.3280383493745695,6.798045354814414
319,13.351372843194758,5.266105151915331,14.600813331139776,5.123468716868753,13.440214755331548,5.130213812545206
320,14.838986575392873,6.661832650163989,15.604532163190646,6.536098844461083,16.712101518326108,6.6067268195183715
321,16.824731692817704,6.89347227798194,16.01362657028149,6.969612795929167,16.360521574576754,7.107783404902652
322,16.63088832734503,6.5699537866654625,13.839402774220783,6.508758786227073,14.808005994362347,6.529369572225343
323,16.66910403866216,6.824903590565077,17.524284324618378,6.677932387600201,15.46280926529916,6.620150527756034
324,0.04745690676045069,7.125170468077603,0.1492479773079245,6.948530672100469,-3.154757610316676,7.371379458858848
325,10.128788356145032,6.712577952905286,10.522350775938694,6.5744861188317705,13.055726624878698,6.682712911646798
326,17.362648676178548,6.380331313344138,16.99089179694833,6.245090573654435,19.721192358192013,6.703424126161135
327,1.3263346177985558,5.702628620854412,1.5059858982862508,5.711722896180317,1.5618871263675984,5.783316968808624
328,15.706440360128338,6.0103711525948285,14.882859732816826,6.041798748926223,16.125804284394903,6.333513329617864
329,7.404913565158668,6.615701314265368,6.699492192924865,6.537550686960926,3.473757876784775,6.727184984642565
330,7.7265410384418125,6.623087732886419,8.142052504012602,6.459260329303601,7.836749350528735,6.690641890021597
331,8.386112557160677,6.2194536251929255,8.398202054774156,6.318952530934018,9.850216086624256,6.361205437140039
332,13.291573887806221,6.785922724788231,13.13431968083988,6.659183165124621,12.8997275649115,6.916788194081171
333,7.688467451175568,6.151072473683308,7.468308775092922,6.226941031371414,8.842862263993727,6.174302925028669
334,12.992840283446652,6.308403858302472,11.946840808349657,6.170915317816745,13.454998389853772,6.480329682663217
335,25.827653244044644,6.555695893105978,26.51700494319227,6.418939413084557,24.332264110695583,6.552712281251537
336,11.007888193863863,6.44426573566872,10.357913908819555,6.53015848488363,10.634857676389995,6.642627946233889
337,4.236649258540648,6.6924244044675225,4.319285488204813,6.439675285930426,4.450233037705449,6.582140064074324
338,14.073894121560262,7.30025178413282,12.539255107058215,7.1889532299674,12.139340038486592,7.507158411763801
339,17.84600116242191,7.062461533302733,16.286175547313405,6.948836114966127,15.953771271672531,7.169364064913963
340,14.481958893576733,6.523077619360218,13.719420282312193,6.455374264052049,14.146888776188764,6.801131461323448
341,13.707209999043902,7.120928281235621,14.067445907615095,7.035236655345167,17.55989410590112,7.482631771303777
342,8.946324152546211,6.91033662867193,11.28638417209033,6.826754185625476,12.653028010180131,6.923846935800346
343,6.972815766521722,7.523488322159895,6.933005761409188,7.4660598192701695,8.680935601143888,7.675666916882284
344,13.40476088220631,6.69814889771148,13.286259204411238,6.567821534024394,14.563156093573168,6.964745915376803
345,15.78753888349845,7.362728065625165,14.726696679506937,7.269164161883794,13.150825731426202,7.5584527539581945
346,13.693632027929105,6.614961108176148,13.68869746153804,6.681713130416997,16.99765293124002,6.732755514030028
347,19.200468622551494,6.768300256291751,20.048635185743393,6.674542350949732,16.59338398247696,6.89972414200234
348,11.204311033060632,7.170664839031711,11.663519385764113,7.047017255319408,13.596061200653486,7.139122788356596
349,13.264671614612785,6.827825609354638,13.826772650989993,6.732579128545919,15.067818301824444,7.051805209538117
350,14.711143638943817,6.846162087680256,14.057202826733254,6.697082514628972,12.12337308373479,6.765889055798996
351,20.36413686200607,5.998648586478434,20.23326536114822,5.887442070685112,21.22551674067794,6.100278090595884
352,19.04417364584583,6.819732925186912,18.421213404798422,6.783231133128513,20.858364321924757,6.9088942526431145
353,24.465223288508888,6.645068886683778,23.61428607654426,6.54113652868042,24.370307193705617,6.583846749545541
354,20.794606221624218,6.531248683056999,22.180986415608842,6.4442456670530754,22.79582077642952,6.665673586276975
355,4.0719265752902265,6.129091822651583,3.2746998254025685,6.0800429191890215,4.021424626384453,6.185287163706078
356,20.339816508363946,6.379521603687847,21.087168573482042,6.312776724619618,22.73833382417731,6.467670351116542
357,16.325151231296996,7.110050036166827,18.097195123078848,7.1057966589750485,18.597028789745597,7.234906794041948
358,2.598791081065847,6.283156578422981,2.5497218861570357,6.204092431202319,3.3085293226057275,6.301321784354316
359,28.808536722787697,6.305013110639096,27.81416695429064,6.187116980786828,29.93962815351191,6.2916980952043495
360,5.1825841130078825,7.026031962646593,6.33525598996447,6.974633368656922,2.8433258767807095,7.000701121536757
361,2.185687446225215,7.000258341558198,2.8444477516753213,6.853740829791303,3.497382138385517,7.013589208648654
362,6.2258679199870945,7.060949128080684,4.933333557980003,6.999914104136777,3.8517341004935366,7.03721616918627
363,25.229750090870642,7.400480375060351,24.259416921973717,7.257670194240296,21.121553930908423,7.243377054376899
364,22.625430898681714,7.079968226233788,22.6710697355155,6.973022969969195,24.493427815588415,7.062953182775128
365,18.32144778951305,6.870685520167421,17.47906526180714,6.785757512671373,20.08616593879672,6.983061637636658
366,9.047015968215053,6.541513037302532,9.27358262589558,6.5051820607252475,10.717039942799865,6.556206336574548
367,6.535288286597507,6.930893565415576,5.829351917742316,6.973961813827078,9.133747108692221,6.949643128185551
368,14.83495885403069,6.674732473999585,17.248238467461118,6.638461913513273,16.907124143910014,6.819927138935885
369,3.689413515099957,6.4419581875809655,2.8641305211907873,6.423370015709583,3.7856946859503333,6.528165016872228
370,15.606012475464404,6.873888678971206,15.252819422451442,6.865213686031582,17.810088537952616,6.915168838149923
371,1.4162997915191375,7.055653606668438,1.0885597666837876,6.968825789986053,-0.01902606845572253,7.107912938772558
372,12.30791546681018,6.657839305609583,13.06678794526301,6.576295745265052,10.936064440499223,6.84106991688451
373,6.761761027244912,6.831976773449609,8.135718498217674,6.849078351741985,7.267219056634967,6.902644674701956
374,3.9880227543376567,6.250057192608438,3.942612831755316,6.259681294840892,2.4720763344011925,6.299612322019967
375,3.5278216779117253,6.898374593466353,2.746721204791092,6.8765571302026105,4.778320661002145,6.8429121098958285
376,16.187866538440904,7.022173131678365,18.423229157801167,7.03841486090586,17.378171695356002,7.040417491537828
377,9.243216870954903,6.965182436098977,9.075205909188387,6.937104617854104,12.849759767835572,7.0809169803200085
378,13.031977946514171,6.895640551362193,12.084602643047788,6.752628883672418,11.48791121094641,7.086326550230515
379,20.942735967896567,7.271064140503069,20.43512497420707,7.079240826494032,23.662328329767536,7.244793768777487
380,22.409261981033808,7.114122416253722,22.413178354538974,6.8351149053080995,23.4656565943146,6.993540186094498
381,4.572915946626978,7.194428760362569,4.1121784754932555,7.083484371235659,3.5381080266088536,7.407737226390808
382,15.092431940800077,7.097242884629252,14.938309836311166,7.049311473008807,19.136940574341274,7.440560931383951
383,16.672551272329866,6.716249271579718,18.77829869944122,6.600137164674079,19.765941515859552,6.785019948447781
384,8.677503892592437,7.29982580495825,8.515481181031367,7.151721591109732,7.041056633814428,7.142447502352153
385,19.878583979041714,6.965322145728091,20.418748780812763,6.858781368226038,17.385913388293837,6.994632338930373
386,15.796810914133642,7.365011905455679,16.432580988798836,7.270979254013657,13.140737712584784,7.5797545021291715
387,18.789398734099656,6.978731976602943,18.844290756799428,6.840552575674752,19.17400822009907,7.125549347336923
388,6.212175678249919,5.996125789100969,5.779373983508144,5.96659114537037,6.227982048729903,6.221063715200676
389,13.523837381592386,6.904973138296244,14.037121387032778,6.891942334857689,10.272736337778829,7.023265589818307
390,4.052439867897292,6.715489887626746,6.317933981124007,6.687394200320402,5.6180603534348474,6.962917334209904
391,11.062876948543481,6.533237065500649,11.921269877593785,6.387991009628409,9.906648439701005,6.630090944165767
392,4.080064912516399,6.518423975572115,3.8536491175646903,6.334282693416747,4.460309617309879,6.635756539310132
393,8.045341143037417,6.889432154989954,8.950683964696893,6.753294783552936,9.13057551975441,7.209341191661623
394,13.180040332739821,5.90216356673725,12.910032321125314,5.913198127980181,10.58307475800284,5.910455519318939
395,7.811169154476002,7.046058633276227,7.741326688504028,6.912954897372353,9.663650862707305,7.222455260034148
396,13.924351133445919,7.0758788602195,15.1519260122136,6.932413860415241,17.678772917237136,7.150469554071183
397,6.171725432764915,6.218141930486137,6.446837234926612,6.116287959226161,7.142370956185304,6.242953549365967
398,14.036014059514494,6.935089942192869,14.14077938059856,6.898242151941925,13.193108343353256,6.707046130654997
399,18.910097050344962,7.409017368161812,19.243485392268944,7.293785738114137,17.780994749489004,7.445188903937886
400,10.118882859689123,6.521117635038998,10.165509144060886,6.4781178744195564,10.913462591500412,6.330586277041086
401,10.056343267725685,6.210613049652733,11.447317998752647,6.116504867770841,11.931274781821415,6.130499555175335
402,15.272974530717407,6.331268993024254,14.199805507378283,6.285721292497583,13.356362108235276,6.454229099814478
403,11.919002990748695,7.102783719198721,12.03039831549319,6.917840513865915,14.208119552641689,7.276325739957916
404,6.515155876494383,7.348031732398293,5.911866137569251,7.310285576474345,4.928088437553979,7.469960602890127
405,7.603884894911215,6.6828055377534845,8.447172464011217,6.680257345976184,5.6075851853339245,6.726209360347081
406,1.969700072209556,6.238616757393466,2.4311871458319714,6.074874592567848,2.363503152029799,6.3020603894913245
407,29.891469716472194,7.2734219564007505,31.772422799749567,7.0617570196780495,29.663950577396218,7.109343571457347
408,23.167111482416885,7.213146432757603,22.757709405341217,7.151988781810738,20.954025229498296,7.287568146645311
409,10.873425997344128,7.407890121005396,10.36064626186452,7.305480527883867,6.876328942875818,7.536790848772253
410,11.335363850178133,7.109391557697797,12.168656257356874,7.043590393222891,11.97892221716792,7.248110306231037
411,17.849458122437174,6.494622712593619,16.528072464985573,6.292917228973927,13.926461344276643,6.575518770455942
412,10.919272967390393,7.34253889911554,10.049110205437284,7.233878562821368,10.904054219568895,7.286467470165127
413,0.48640641528470896,6.9358901115204326,1.4918645528342593,6.779639605477394,-1.445223705648616,7.1130965950800515
414,15.458306068418668,6.978597661402416,14.925776411859829,6.947227347522924,15.242008902770236,7.032481018367161
415,15.42696207964918,6.8999088138615035,12.808171301215747,6.911329150903222,10.904419425369085,7.212726714589104
416,-0.4690010238444645,6.6308091750477125,0.5336787437355788,6.58270421864834,0.6683110732571634,6.7034752750597475
417,23.39330152791393,7.105753025874455,23.231492821388823,6.956662924899779,24.754556054970408,7.035322147815528
418,18.36239992226033,7.1487801089052745,18.52754076202808,7.126454223520245,20.19299532371109,7.204231698130523
419,13.100869870769955,6.367173370514917,12.415063603745319,6.255058020892667,12.078061278575252,6.376491530861683
420,18.749930734654825,6.773470830219467,17.899314608966087,6.648208079059935,19.226987998751788,6.80164928406715
421,14.337968861516938,6.591710657776534,14.058360913463329,6.509484818879736,14.385853794257624,6.388269375255484
422,26.718865632032717,7.077467147390519,27.034324602435124,6.999468230184878,25.034726516519402,7.098175928999899
423,4.8978484979262955,7.067436579218825,3.374989310256424,6.856099523532981,3.923606310198687,7.121133313449354
424,18.616206706186652,6.857300101155296,19.533882903686635,6.7631390089994214,19.257363311745767,7.002364868753433
425,15.320240015292455,6.928616510377098,14.589114525418918,6.803418175176992,10.124318684873364,6.929823768739683
426,11.34848252608714,7.161050889396771,11.603828320337541,7.01497814173223,15.035791752175552,6.962853883816769
427,9.870950210724233,6.46378172471195,11.803722808366505,6.424326578744255,15.795999349119642,6.640868564221022
428,23.403728817850745,6.370736761036232,22.793459222110165,6.229339548778814,23.355316287542816,6.397540137803946
429,19.018232342901484,7.255688370376668,18.203552545035745,7.189221445278448,21.29565608958985,7.370848316915438
430,4.152597378502638,6.818754956357218,3.825056710069213,6.567064062589675,1.6499420225642405,6.910675926370989
431,16.55270392930243,6.51773331120006,16.063655289112337,6.457135325520734,16.890967207700747,6.735649629613447
432,-8.330062040547359,7.03724599485727,-9.573371710898794,6.88755364413426,-10.08091050521773,7.2686005866882875
433,24.424210867175272,6.4992337074738575,24.721415259590717,6.417313212059768,23.667526068992185,6.375605240342668
434,8.187626605565784,6.732558369672177,6.84000714505815,6.671210017923334,8.610965002630302,6.707227524772734
435,28.765168978906896,6.991122589189143,28.173572781026763,6.774282452519237,26.68178500214363,6.584843361160431
436,8.550340949168943,6.356452732727683,8.407885812375188,6.274474518741727,8.172422253465456,6.291785905135722
437,9.852014413814585,6.473125283969647,9.381076687293717,6.305817279045822,10.030280731786037,6.189206806219835
438,10.859887581075645,6.661884022291787,9.519804040746491,6.5939246383869206,8.580332117627231,6.770696366725889
439,19.740067391835296,6.032736245055766,20.639829090545497,5.990166973043071,21.388073384031845,6.29863202250953
440,6.930253682241855,7.321737002976776,5.9255903858272,7.160807687826742,6.3840950603851905,7.32705895559328
441,12.088916703876068,6.732272433836454,12.25853883063004,6.587890696252242,13.538770561973893,6.624190344804787
442,14.247063686495274,6.555655776790065,14.458851357150413,6.602904646968128,13.012249980491978,6.681108825263559
443,13.452636018490853,6.829761848240967,13.135426372606148,6.659847937943065,13.357131185965741,6.742948516905249
444,7.950921765419112,6.865140682573804,6.8967346303501635,6.815340158036403,6.380413087836694,6.815342419935139
445,10.274139770139817,7.4150803717604425,8.935246431454058,7.400971431809569,9.70774109669207,7.439986780801675
446,12.22473288704977,7.120871643852956,11.150744142766507,6.834568898237484,6.75794681783803,6.947581532673501
447,8.064715922794242,6.564201475816923,7.400807218101238,6.460389758944055,3.904504130442175,6.482354201779975
448,5.226261231382333,6.954735627997818,5.364727925848325,6.866587577692775,3.7495480079144126,7.016190120283585
449,2.530396658414379,6.7051476023325804,2.2433412996134203,6.71870241180791,1.3371723289329314,6.917499929111441
450,10.573131199329913,7.085240070215366,11.481104716473764,6.971937266764425,11.642942769627906,7.085787830476952
451,6.093609027957194,7.547659135852129,5.932199376511782,7.42188493918572,7.050006211101618,7.576252526230625
452,16.57739143644018,7.083802253183572,18.35958099738131,7.042492928206504,15.600040519819803,7.065062795648931
453,13.71624980076734,6.67984065005541,13.356229991661856,6.574917588270871,13.492878554188625,6.884394886190607
454,23.373568799519454,6.838677050072588,23.422999658605143,6.714105798923336,22.52229408573579,7.069410283931571
455,8.922952011130079,7.188289046647481,9.202524714676589,6.939004947619348,8.38805593657208,7.021129747650994
456,1.3897210334065486,6.727850901424317,0.6146155034514446,6.606159775337943,0.5475120181380448,6.973846195343943
457,9.308434237791431,6.275874246906041,8.745719556687437,6.215301304751331,3.898598765208811,6.139861064922889
458,4.947640261302794,6.193744510381063,4.2196352976899325,6.101168379229245,3.428555171282648,6.192729819944236
459,10.741727712367089,7.065505016475338,11.651695209856198,6.864188284604653,14.891495291804716,7.127128940867234
460,14.21214181630455,6.608900480280349,13.196680771921836,6.541601629980185,11.501743496175228,6.676011118950743
461,18.84955194433982,6.747219192793068,19.135568739013618,6.673095074668849,17.5340859062149,6.670495236943068
462,10.182385508608034,6.709572218356138,11.580930390801914,6.669603456186334,9.353564779484893,6.655985542233397
463,8.973134133476096,6.523526366550165,9.15611324673445,6.563705530210688,7.147961315629038,6.6088670852317994
464,6.612585444859435,6.616167026795437,7.614706739295487,6.577682786672837,8.878221321323275,6.673647463520836
465,11.021367474943984,7.1482005510736,12.169774920385224,6.941205605557221,14.83378374709847,7.090033256677887
466,14.508954510397999,6.537180280903415,13.16101864116521,6.493460561936236,13.965048713301536,6.598028503571872
467,13.585488839625402,7.38349736900567,13.673291767989951,7.297182242908261,7.599710183068129,7.511305116322173
468,11.731910962179906,6.922538677455454,11.30998462086023,6.75359469252676,13.017172418531665,7.2192561708853535
469,20.360951311849867,6.9852085902519425,20.12147564606556,6.786035809549178,18.03811600639087,6.993514779431866
470,22.405299312943733,7.087347159193109,21.80553151977803,6.8995776516083405,23.05874985988298,6.893485491684999
471,28.811290402729202,7.265070712123089,28.201135639259093,7.118857481576843,27.17933976582694,7.734972397037869
472,17.145136708299148,6.035639825452642,17.509190629980182,5.987326448025964,16.675140751955187,6.140514956656275
473,9.897460387998292,7.254925134932097,10.10642514428684,7.109295572092241,8.711251007070835,7.292241856206869
474,14.838246456243319,6.970190066380138,14.567168126445642,6.865076803734994,11.291816364057368,7.0738496848467705
475,11.220543262452429,6.5679260116154,10.851242325162874,6.458484798951268,7.6559119702742064,6.678358093070346
476,10.748023417906445,6.999348725115027,9.313225690262746,6.837119605555862,11.16064932232245,6.831542851438953
477,10.134425961969233,6.790978314077947,10.584226249010985,6.672056603066021,8.953578171606301,6.811012536479791
478,12.136552064526324,6.789823908026212,12.335347133243841,6.636833442327093,13.62707937540368,7.154109099678706
479,24.594804208618477,6.850306568392302,24.76311365510311,6.697746418019475,25.146458059857753,6.662638785229963
480,12.486236738207822,6.430284724379845,12.260214642010318,6.325015277860493,9.979570469950415,6.1562891175075665
481,28.179832881613134,7.182229663460352,27.55551547330665,6.982742108660378,29.45083225440994,7.084808727874737
482,12.408233450080415,6.7301634580401375,11.611481275424516,6.608234853117651,12.288586897428809,6.586375093165572
483,10.562004939248775,6.466995362530178,11.027142373354993,6.34655021673073,11.082387243038031,6.332461102622843
484,21.675374140928202,6.926451507743648,20.380162528946336,6.845471371999511,23.855595342777548,6.976697519899265
485,4.205708756106299,6.718915217714067,6.499691730889375,6.805215326994933,2.58408850969478,7.013377085398733
486,27.265406046310805,7.178235090529513,27.80453823693221,7.0825278575286905,26.467528489364135,6.99969177431465
487,13.419794786371076,6.669033281865648,12.11017156927459,6.699092206885393,11.085839308174041,6.961331228078644
488,0.27594588874497616,7.5704386821852045,1.686235596713789,7.47438282053504,-1.4374262472033896,7.702383274755209
489,13.794454688940599,6.172116713903688,13.71234728326809,6.06709142469193,14.729285639584809,6.050982086257583
490,5.975426300568734,6.995528796981703,5.183312921227577,6.981566216199775,3.993628979813431,7.043093369945533
491,8.87436517766995,6.8713062184813465,10.556390049817006,6.791726344295144,12.713846364076542,6.748216353366189
492,11.711333448018603,7.018883725200938,11.125219469211686,6.899422753468955,9.544830072466903,6.9323629795374355
493,13.813454889243875,5.882241878771912,12.912807685759194,5.864339772809225,13.790001325979729,5.923272249154992
494,15.857978278924024,6.981464967472946,17.10213499250091,6.894973879738627,16.61748937225558,6.9711274604062305
495,11.678397734066017,7.006224802408801,9.597899652406372,6.939871351556907,9.33613242349663,7.119058276759522
496,13.757677052775483,6.679788626852385,14.388787948466112,6.672547599138759,15.013114569471188,7.054084603675182
497,11.675019060466337,6.633546535552723,12.118609894732403,6.50959714497684,12.649733243377932,6.516474170857329
498,21.928912964173207,6.873000082230471,23.677845282944485,6.764550163465653,25.181312663454197,6.991305984997871
499,23.430832226826976,6.877362853504031,22.973849178307688,6.685133475129102,21.438897062118436,6.779193815375607
500,26.37393432526218,6.906942901919749,26.1974674791341,6.8238091249274655,25.545738712839846,6.988785107563955
